
INSERT INTO Market (id, name) values ('EUROPE', 'Europe');
INSERT INTO Market (id, name) values ('US', 'US');
INSERT INTO Market (id, name) values ('ASIA_PACIFIC', 'Asia / Pacific');
INSERT INTO Market (id, name) values ('AMERICAS', 'Americas');
INSERT INTO Market (id, name) values ('AFRICA_MIDDLE_EAST', 'Africas / Middle East');
INSERT INTO Market (id, name) values ('INTERNATIONAL', 'International');

insert into Exchange (id, name, market_id) values('ASX','ASX','ASIA_PACIFIC');
insert into Exchange (id, name, market_id) values('AMS','Amsterdam','EUROPE');
insert into Exchange (id, name, market_id) values('ASE','NYSE MKT','US');
insert into Exchange (id, name, market_id) values('ASQ','NYSE MKT','US');
insert into Exchange (id, name, market_id) values('ATH','Athens','EUROPE');
insert into Exchange (id, name, market_id) values('BAR','Barcelona','EUROPE');
insert into Exchange (id, name, market_id) values('BER','Berlin','EUROPE');
insert into Exchange (id, name, market_id) values('BRU','Brussels','EUROPE');
insert into Exchange (id, name, market_id) values('BSE','BSE','ASIA_PACIFIC');
insert into Exchange (id, name, market_id) values('BTS','BATS','INTERNATIONAL');
insert into Exchange (id, name, market_id) values('BUE','Buenos Aires','AMERICAS');
insert into Exchange (id, name, market_id) values('CAI','EGX','AFRICA_MIDDLE_EAST');
insert into Exchange (id, name, market_id) values('CBT','CBOT','US');
insert into Exchange (id, name, market_id) values('CME','CME','AFRICA_MIDDLE_EAST');
insert into Exchange (id, name, market_id) values('CPH','Copenhagen','EUROPE');
insert into Exchange (id, name, market_id) values('CSE','Colombo','ASIA_PACIFIC');
insert into Exchange (id, name, market_id) values('DJI','DJI','US');
insert into Exchange (id, name, market_id) values('DUS','Dusseldorf','EUROPE');
insert into Exchange (id, name, market_id) values('EBS','Swiss','EUROPE');
insert into Exchange (id, name, market_id) values('ENX','Euronext','EUROPE');
insert into Exchange (id, name, market_id) values('EUX','EUREX','EUROPE');
insert into Exchange (id, name, market_id) values('FGI','FTSE Index','EUROPE');
insert into Exchange (id, name, market_id) values('FRA','Frankfurt','EUROPE');
insert into Exchange (id, name, market_id) values('FSI','FTSE','EUROPE');
insert into Exchange (id, name, market_id) values('GER','XETRA','EUROPE');
insert into Exchange (id, name, market_id) values('HAM','Hamburg','EUROPE');
insert into Exchange (id, name, market_id) values('HAN','Hanover','EUROPE');
insert into Exchange (id, name, market_id) values('HKG','HKSE','ASIA_PACIFIC');
insert into Exchange (id, name, market_id) values('IOB','IOB','ASIA_PACIFIC');
insert into Exchange (id, name, market_id) values('ISE','Irish','EUROPE');
insert into Exchange (id, name, market_id) values('JKT','Jakarta','ASIA_PACIFIC');
insert into Exchange (id, name, market_id) values('KBT','KBT','AFRICA_MIDDLE_EAST');
insert into Exchange (id, name, market_id) values('KLS','Kuala Lumpur','ASIA_PACIFIC');
insert into Exchange (id, name, market_id) values('KOE','KOSDAQ','ASIA_PACIFIC');
insert into Exchange (id, name, market_id) values('KSE','KSE','ASIA_PACIFIC')
insert into Exchange (id, name, market_id) values('KSC','KSE','AFRICA_MIDDLE_EAST');
insert into Exchange (id, name, market_id) values('LIS','Lisbon','EUROPE');
insert into Exchange (id, name, market_id) values('LSE','London','EUROPE');
insert into Exchange (id, name, market_id) values('MAD','Madrid','EUROPE');
insert into Exchange (id, name, market_id) values('MCE','MCE','ASIA_PACIFIC');
insert into Exchange (id, name, market_id) values('MCX','MCX','ASIA_PACIFIC');
insert into Exchange (id, name, market_id) values('MDD','MDD','EUROPE');
insert into Exchange (id, name, market_id) values('MEX','Mexico','AMERICAS');
insert into Exchange (id, name, market_id) values('MIL','Milan','EUROPE');
insert into Exchange (id, name, market_id) values('MUN','Munich','EUROPE');
insert into Exchange (id, name, market_id) values('NAS','NasdaqGM','EUROPE');
insert into Exchange (id, name, market_id) values('NCM','NasdaqCM','US');
insert into Exchange (id, name, market_id) values('NGM','NasdaqCM','US');
insert into Exchange (id, name, market_id) values('NIM','Nasdaq GIDS','US');
insert into Exchange (id, name, market_id) values('NMS','NasdaqGS','US');
insert into Exchange (id, name, market_id) values('NSI','NSE','ASIA_PACIFIC');
insert into Exchange (id, name, market_id) values('NYB','NYBOT','US');
insert into Exchange (id, name, market_id) values('NYQ','NYSE','US');
insert into Exchange (id, name, market_id) values('NYS','NYSE','US');
insert into Exchange (id, name, market_id) values('NZE','NZSE','ASIA_PACIFIC');
insert into Exchange (id, name, market_id) values('OBB','OTC BB','US');
insert into Exchange (id, name, market_id) values('OSA','Osaka','ASIA_PACIFIC');
insert into Exchange (id, name, market_id) values('OSL','Oslo','EUROPE');
insert into Exchange (id, name, market_id) values('PAR','Paris','EUROPE');
insert into Exchange (id, name, market_id) values('PCX','NYSEArca','US');
insert into Exchange (id, name, market_id) values('PHS','Philippine','ASIA_PACIFIC');
insert into Exchange (id, name, market_id) values('PNK','Other OTC','INTERNATIONAL');
insert into Exchange (id, name, market_id) values('PRA','Prague','EUROPE');
insert into Exchange (id, name, market_id) values('RUS','RUS','ASIA_PACIFIC');
insert into Exchange (id, name, market_id) values('SAO','Sao Paolo','AMERICAS');
insert into Exchange (id, name, market_id) values('SES','SES','ASIA_PACIFIC');
insert into Exchange (id, name, market_id) values('SGO','Santiago','AMERICAS');
insert into Exchange (id, name, market_id) values('SHH','Shanghai','ASIA_PACIFIC');
insert into Exchange (id, name, market_id) values('SHZ','Shenzhen','ASIA_PACIFIC');
insert into Exchange (id, name, market_id) values('SNP','SNP','US');
insert into Exchange (id, name, market_id) values('STO','Stockholm','EUROPE');
insert into Exchange (id, name, market_id) values('STU','Stuttgart','EUROPE');
insert into Exchange (id, name, market_id) values('TAI','Taiwan','ASIA_PACIFIC');
insert into Exchange (id, name, market_id) values('TLO','TLO','INTERNATIONAL');
insert into Exchange (id, name, market_id) values('TLV','Tel Aviv','AFRICA_MIDDLE_EAST');
insert into Exchange (id, name, market_id) values('TOR','Toronto','AMERICAS');
insert into Exchange (id, name, market_id) values('TSI','Toronto','AMERICAS');
insert into Exchange (id, name, market_id) values('TWO','Taiwan OTC','ASIA_PACIFIC');
insert into Exchange (id, name, market_id) values('VAN','TSXV','AMERICAS');
insert into Exchange (id, name, market_id) values('VIE','Vienna','EUROPE');
insert into Exchange (id, name, market_id) values('VTX','VTX','EUROPE');
insert into Exchange (id, name, market_id) values('WCB','Chicago Options','US');
insert into Exchange (id, name, market_id) values('XPH','Philadelphia','US');
insert into Exchange (id, name, market_id) values('YHI','YHI','ASIA_PACIFIC');
insert into Exchange (id, name, market_id) values('YHO','YHO','INTERNATIONAL');
insert into Exchange (id, name, market_id) values('ZRH','Zurich','EUROPE');

insert into Industry(label,id) values ('N/A',0);
insert into Industry(label,id) values ('Advertising Agencies',720);
insert into Industry(label,id) values ('Aerospace/Defense - Major Diversified',610);
insert into Industry(label,id) values ('Aerospace/Defense Products & Services',611);
insert into Industry(label,id) values ('Air Delivery & Freight Services',773);
insert into Industry(label,id) values ('Application Software',821);
insert into Industry(label,id) values ('Asset Management',422);
insert into Industry(label,id) values ('Auto Parts',333);
insert into Industry(label,id) values ('Auto Parts Wholesale',750);
insert into Industry(label,id) values ('Basic Materials Wholesale',758);
insert into Industry(label,id) values ('Beverages - Soft Drinks',348);
insert into Industry(label,id) values ('Beverages - Wineries & Distillers',347);
insert into Industry(label,id) values ('Biotechnology',515);
insert into Industry(label,id) values ('Broadcasting - Radio',724);
insert into Industry(label,id) values ('Broadcasting - TV',723);
insert into Industry(label,id) values ('Business Services',760);
insert into Industry(label,id) values ('Business Software & Services',826);
insert into Industry(label,id) values ('Cigarettes',350);
insert into Industry(label,id) values ('Cleaning Products',326);
insert into Industry(label,id) values ('Communication Equipment',841);
insert into Industry(label,id) values ('Computer Peripherals',815);
insert into Industry(label,id) values ('Conglomerates',210);
insert into Industry(label,id) values ('Consumer Services',763);
insert into Industry(label,id) values ('Copper',131);
insert into Industry(label,id) values ('Diagnostic Substances',516);
insert into Industry(label,id) values ('Diversified Communication Services',846);
insert into Industry(label,id) values ('Diversified Electronics',836);
insert into Industry(label,id) values ('Diversified Machinery',622);
insert into Industry(label,id) values ('Diversified Utilities',913);
insert into Industry(label,id) values ('Drug Manufacturers - Major',510);
insert into Industry(label,id) values ('Drug Manufacturers - Other',511);
insert into Industry(label,id) values ('Electric Utilities',911);
insert into Industry(label,id) values ('Electronic Equipment',314);
insert into Industry(label,id) values ('Food - Major Diversified',340);
insert into Industry(label,id) values ('Food Wholesale',757);
insert into Industry(label,id) values ('Gas Utilities',912);
insert into Industry(label,id) values ('Gold',134);
insert into Industry(label,id) values ('Heavy Construction',635);
insert into Industry(label,id) values ('Home Furnishings & Fixtures',311);
insert into Industry(label,id) values ('Hospitals',524);
insert into Industry(label,id) values ('Housewares & Accessories',312);
insert into Industry(label,id) values ('Independent Oil & Gas',121);
insert into Industry(label,id) values ('Industrial Electrical Equipment',627);
insert into Industry(label,id) values ('Industrial Equipment & Components',621);
insert into Industry(label,id) values ('Industrial Metals & Minerals',133);
insert into Industry(label,id) values ('Information Technology Services',824);
insert into Industry(label,id) values ('Internet Service Providers',850);
insert into Industry(label,id) values ('Internet Software & Services',852);
insert into Industry(label,id) values ('Investment Brokerage - National',420);
insert into Industry(label,id) values ('Jewelry Stores',742);
insert into Industry(label,id) values ('Long Distance Carriers',843);
insert into Industry(label,id) values ('Long-Term Care Facilities',523);
insert into Industry(label,id) values ('Machine Tools & Accessories',624);
insert into Industry(label,id) values ('Major Integrated Oil & Gas',120);
insert into Industry(label,id) values ('Manufactured Housing',631);
insert into Industry(label,id) values ('Medical Appliances & Equipment',521);
insert into Industry(label,id) values ('Medical Instruments & Supplies',520);
insert into Industry(label,id) values ('Medical Laboratories & Research',525);
insert into Industry(label,id) values ('Metal Fabrication',626);
insert into Industry(label,id) values ('Mortgage Investment',447);
insert into Industry(label,id) values ('Multimedia & Graphics Software',820);
insert into Industry(label,id) values ('Nonmetallic Mineral Mining',136);
insert into Industry(label,id) values ('Oil & Gas Drilling & Exploration',123);
insert into Industry(label,id) values ('Oil & Gas Equipment & Services',124);
insert into Industry(label,id) values ('Oil & Gas Pipelines',125);
insert into Industry(label,id) values ('Oil & Gas Refining & Marketing',122);
insert into Industry(label,id) values ('Paper & Paper Products',324);
insert into Industry(label,id) values ('Photographic Equipment & Supplies',318);
insert into Industry(label,id) values ('Pollution & Treatment Controls',623);
insert into Industry(label,id) values ('Printed Circuit Boards',835);
insert into Industry(label,id) values ('Processed & Packaged Goods',342);
insert into Industry(label,id) values ('Property Management',448);
insert into Industry(label,id) values ('Real Estate Development',449);
insert into Industry(label,id) values ('Regional - Mid-Atlantic Banks',412);
insert into Industry(label,id) values ('Regional - Midwest Banks',414);
insert into Industry(label,id) values ('Regional - Northeast Banks',411);
insert into Industry(label,id) values ('REIT - Diversified',440);
insert into Industry(label,id) values ('REIT - Hotel/Motel',443);
insert into Industry(label,id) values ('REIT - Office',441);
insert into Industry(label,id) values ('REIT - Retail',446);
insert into Industry(label,id) values ('Rental & Leasing Services',761);
insert into Industry(label,id) values ('Resorts & Casinos',711);
insert into Industry(label,id) values ('Restaurants',712);
insert into Industry(label,id) values ('Rubber & Plastics',322);
insert into Industry(label,id) values ('Savings & Loans',419);
insert into Industry(label,id) values ('Security & Protection Services',765);
insert into Industry(label,id) values ('Security Software & Services',823);
insert into Industry(label,id) values ('Semiconductor - Integrated Circuits',833);
insert into Industry(label,id) values ('Semiconductor Equipment & Materials',834);
insert into Industry(label,id) values ('Shipping',775);
insert into Industry(label,id) values ('Silver',135);
insert into Industry(label,id) values ('Specialized Health Services',528);
insert into Industry(label,id) values ('Specialty Chemicals',113);
insert into Industry(label,id) values ('Specialty Eateries',713);
insert into Industry(label,id) values ('Staffing & Outsourcing Services',764);
insert into Industry(label,id) values ('Steel & Iron',130);
insert into Industry(label,id) values ('Technical Services',767);
insert into Industry(label,id) values ('Telecom Services - Domestic',844);
insert into Industry(label,id) values ('Textile - Apparel Clothing',320);
insert into Industry(label,id) values ('Trucks & Other Vehicles',331);
insert into Industry(label,id) values ('Waste Management',637);
insert into Industry(label,id) values ('Wireless Communications',840);
insert into Industry(label,id) values ('Accident & Health Insurance',431);
insert into Industry(label,id) values ('Agricultural Chemicals',112);
insert into Industry(label,id) values ('Apparel Stores',730);
insert into Industry(label,id) values ('Auto Dealerships',744);
insert into Industry(label,id) values ('Chemicals - Major Diversified',110);
insert into Industry(label,id) values ('Confectioners',345);
insert into Industry(label,id) values ('Credit Services',424);
insert into Industry(label,id) values ('Department Stores',731);
insert into Industry(label,id) values ('Discount, Variety Stores',732);
insert into Industry(label,id) values ('Drugs - Generic',512);
insert into Industry(label,id) values ('Education & Training Services',766);
insert into Industry(label,id) values ('Entertainment - Diversified',722);
insert into Industry(label,id) values ('Farm Products',341);
insert into Industry(label,id) values ('Gaming Activities',714);
insert into Industry(label,id) values ('General Building Materials',634);
insert into Industry(label,id) values ('General Contractors',636);
insert into Industry(label,id) values ('Grocery Stores',734);
insert into Industry(label,id) values ('Healthcare Information Services',825);
insert into Industry(label,id) values ('Insurance Brokers',434);
insert into Industry(label,id) values ('Internet Information Providers',851);
insert into Industry(label,id) values ('Lodging',710);
insert into Industry(label,id) values ('Major Airlines',770);
insert into Industry(label,id) values ('Money Center Banks',410);
insert into Industry(label,id) values ('Packaging & Containers',325);
insert into Industry(label,id) values ('Personal Services',762);
insert into Industry(label,id) values ('Property & Casualty Insurance',432);
insert into Industry(label,id) values ('Publishing - Newspapers',727);
insert into Industry(label,id) values ('Recreational Goods, Other',317);
insert into Industry(label,id) values ('Recreational Vehicles',332);
insert into Industry(label,id) values ('Scientific & Technical Instruments',837);
insert into Industry(label,id) values ('Semiconductor - Broad Line',830);
insert into Industry(label,id) values ('Specialty Retail, Other',745);
insert into Industry(label,id) values ('Technical & System Software',822);
insert into Industry(label,id) values ('Air Services, Other',772);
insert into Industry(label,id) values ('Aluminum',132);
insert into Industry(label,id) values ('Auto Manufacturers - Major',330);
insert into Industry(label,id) values ('Beverages - Brewers',346);
insert into Industry(label,id) values ('Business Equipment',313);
insert into Industry(label,id) values ('CATV Systems',725);
insert into Industry(label,id) values ('Computer Based Systems',812);
insert into Industry(label,id) values ('Data Storage Devices',813);
insert into Industry(label,id) values ('Drug Delivery',513);
insert into Industry(label,id) values ('Electronics Wholesale',753);
insert into Industry(label,id) values ('Farm & Construction Machinery',620);
insert into Industry(label,id) values ('Health Care Plans',522);
insert into Industry(label,id) values ('Home Improvement Stores',736);
insert into Industry(label,id) values ('Industrial Equipment Wholesale',752);
insert into Industry(label,id) values ('Life Insurance',430);
insert into Industry(label,id) values ('Marketing Services',721);
insert into Industry(label,id) values ('Medical Equipment Wholesale',754);
insert into Industry(label,id) values ('Personal Products',323);
insert into Industry(label,id) values ('Railroads',776);
insert into Industry(label,id) values ('Semiconductor- Memory Chips',831);
insert into Industry(label,id) values ('Textile - Apparel Footwear & Accessories',321);
insert into Industry(label,id) values ('Textile Industrial',628);
insert into Industry(label,id) values ('REIT - Industrial',444);
insert into Industry(label,id) values ('Residential Construction',630);
insert into Industry(label,id) values ('Lumber, Wood Production',632);
insert into Industry(label,id) values ('Tobacco Products, Other',351);
insert into Industry(label,id) values ('Trucking',774);
insert into Industry(label,id) values ('REIT - Healthcare Facilities',442);
insert into Industry(label,id) values ('Water Utilities',914);
insert into Industry(label,id) values ('Building Materials Wholesale',751);
insert into Industry(label,id) values ('Catalog & Mail Order Houses',739);
insert into Industry(label,id) values ('Diversified Computer Systems',810);
insert into Industry(label,id) values ('Diversified Investments',423);
insert into Industry(label,id) values ('Drug Stores',733);
insert into Industry(label,id) values ('Electronics Stores',735);
insert into Industry(label,id) values ('Foreign Regional Banks',418);
insert into Industry(label,id) values ('General Entertainment',716);
insert into Industry(label,id) values ('Investment Brokerage - Regional',421);
insert into Industry(label,id) values ('Management Services',769);
insert into Industry(label,id) values ('Movie Production, Theaters',726);
insert into Industry(label,id) values ('Networking & Communication Devices',814);
insert into Industry(label,id) values ('Processing Systems & Products',842);
insert into Industry(label,id) values ('Regional - Pacific Banks',416);
insert into Industry(label,id) values ('Regional - Southeast Banks',413);
insert into Industry(label,id) values ('Regional - Southwest  Banks',415);
insert into Industry(label,id) values ('Research Services',768);
insert into Industry(label,id) values ('Semiconductor - Specialized',832);
insert into Industry(label,id) values ('Sporting Goods Stores',740);
insert into Industry(label,id) values ('Synthetics',111);
insert into Industry(label,id) values ('Computers Wholesale',755);
insert into Industry(label,id) values ('Drug Related Products',514);
insert into Industry(label,id) values ('Meat Products',343);
insert into Industry(label,id) values ('Music & Video Stores',743);
insert into Industry(label,id) values ('Publishing - Books',729);
insert into Industry(label,id) values ('Publishing - Periodicals',728);
insert into Industry(label,id) values ('Small Tools & Accessories',625);
insert into Industry(label,id) values ('Sporting Activities',715);
insert into Industry(label,id) values ('Sporting Goods',316);
insert into Industry(label,id) values ('Surety & Title Insurance',433);
insert into Industry(label,id) values ('Toys & Games',315);
insert into Industry(label,id) values ('Appliances',310);
insert into Industry(label,id) values ('Auto Parts Stores',738);
insert into Industry(label,id) values ('Closed-End Fund - Debt',425);
insert into Industry(label,id) values ('Dairy Products',344);
insert into Industry(label,id) values ('Foreign Money Center Banks',417);
insert into Industry(label,id) values ('Home Furnishing Stores',737);
insert into Industry(label,id) values ('Home Health Care',526);
insert into Industry(label,id) values ('Information & Delivery Services',827);
insert into Industry(label,id) values ('Regional Airlines',771);
insert into Industry(label,id) values ('REIT - Residential',445);
insert into Industry(label,id) values ('Telecom Services - Foreign',845);
insert into Industry(label,id) values ('Cement',633);
insert into Industry(label,id) values ('Closed-End Fund - Equity',426);
insert into Industry(label,id) values ('Drugs Wholesale',756);
insert into Industry(label,id) values ('Foreign Utilities',910);
insert into Industry(label,id) values ('Office Supplies',327);
insert into Industry(label,id) values ('Toy & Hobby Stores',741);
insert into Industry(label,id) values ('Medical Practitioners',527);
insert into Industry(label,id) values ('Wholesale, Other',759);
insert into Industry(label,id) values ('Closed-End Fund - Foreign',427);

DROP TRIGGER IF EXISTS upd_user_balance_usd;

delimiter //
CREATE TRIGGER upd_user_balance_usd BEFORE UPDATE ON users
 FOR EACH ROW
 BEGIN
     IF NEW.balance > 0 AND NEW.currency != 'USD' THEN
         SET NEW.balance_usd  = NEW.balance / (select daily_latest_value from currency_exchange where id = CONCAT('USD', NEW.currency , '=X'));
     ELSE 
         SET NEW.balance_usd  = NEW.balance;
     END IF;
 END;//
 